#,First Name,Last Name,Gender,Date of Birth,Passport Number,NRIC Number,Bloof Group Number,Mobile Number,Religion,Race,Education,Occupation,Income,Country,State/Province,City,Zip/Postal Code,Address 1,Address 2,Email,Password,Confirm Password,Twitter Url,Facebook Url,Linked In Url
,薫,笹俣,Male,,,,,176101683,,,,architect,,,,,,,,sasamata@gmail.com,12345678,12345678,,,
,圭絃,日立,Male,,,,,126343177,,,,cameraman,,,,,,,,hitachi@gmail.com,12345678,12345678,,,
,乃享,床坊,Male,,,,,165366291,,,,cameraman,,,,,,,,Tokobo@gmail.com,12345678,12345678,,,
,草佐,青春,Male,,,,,175695788,,,,Developer,,,,,,,,Seishun@gmail.com,12345678,12345678,,,
,竜夜,鳳条,Male,,,,,172514484,,,,cameraman,,,,,,,,hojou@gmail.com,12345678,12345678,,,
,超,文藏,Male,,,,,188745691,,,,lawyer,,,,,,,,hennzann@gmail.com,12345678,12345678,,,
,サマンサ,佐藤,Male,,,,,194918141,,,,lawyer,,,,,,,,Sato Samantha@gmail.com,12345678,12345678,,,
,行雄,高梨,Male,,,,,196163562,,,,Developer,,,,,,,,Takanashi@gmail.com,12345678,12345678,,,
,倫,星美,Male,,,,,103004222,,,,cameraman,,,,,,,,hoshimi@gmail.com,12345678,12345678,,,
,蓮,石田,Male,,,,,152954925,,,,lawyer,,,,,,,,ishida@gmail.com,12345678,12345678,,,
,大将,日本,Male,,,,,174751641,,,,Developer,,,,,,,,Hinomoto@gmail.com,12345678,12345678,,,
,至樹,唐渡,Male,,,,,140214229,,,,Developer,,,,,,,,Karawatari@gmail.com,12345678,12345678,,,
,薫,笹俣,Male,,,,,176101683,,,,architect,,,,,,,,sasamata@gmail.com,12345678,12345678,,,
,盟,村松,Male,,,,,138183663,,,,Developer,,,,,,,,muramatu@gmail.com,12345678,12345678,,,
,豪,デイビッド,Male,,,,,128724243,,,,accountant,,,,,,,,David@gmail.com,12345678,12345678,,,
,朗斗,土屋,Male,,,,,177337573,,,,Developer,,,,,,,,tuchiya@gmail.com,12345678,12345678,,,
,義則,富田,Male,,,,,189713088,,,,cameraman,,,,,,,,tomita@gmail.com,12345678,12345678,,,
,颯真,薛,Male,,,,,118556702,,,,Developer,,,,,,,,setu@gmail.com,12345678,12345678,,,
,海翔,種川,Male,,,,,159330218,,,,lawyer,,,,,,,,tanegawa@gmail.com,12345678,12345678,,,
,結喜,中田,Male,,,,,105008922,,,,conductor,,,,,,,,nakata@gmail.com,12345678,12345678,,,
,遥宣,泉元,Male,,,,,159077412,,,,Developer,,,,,,,,izumimoto@gmail.com,12345678,12345678,,,
,達也,清,Male,,,,,163959635,,,,doctor,,,,,,,,kiyo@gmail.com,12345678,12345678,,,
,温帆,鹿居,Male,,,,,145512358,,,,nurse,,,,,,,,kaoru@gmail.com,12345678,12345678,,,
,理柴,冬柴,Male,,,,,167298186,,,,conductor,,,,,,,,huyushiba@gmail.com,12345678,12345678,,,
,達也,清,Male,,,,,163959635,,,,doctor,,,,,,,,kiyo@gmail.com,12345678,12345678,,,
,ダグス,東杢比野,Male,,,,,197425930,,,,Developer,,,,,,,,higashimukuhino@gmail.com,12345678,12345678,,,
,薫,笹俣,Male,,,,,176101683,,,,architect,,,,,,,,sasamata@gmail.com,12345678,12345678,,,
,庄英,星,Male,,,,,192052553,,,,lawyer,,,,,,,,hoshimi@gmail.com,12345678,12345678,,,
,亮介,河村,Male,,,,,173741425,,,,Developer,,,,,,,,kawamura@gmail.com,12345678,12345678,,,
,フウア,稲垣,Male,,,,,116059730,,,,lawyer,,,,,,,,inagaki@gmail.com,12345678,12345678,,,
,トミー,京ケ瀬,Male,,,,,189112152,,,,lawyer,,,,,,,,kyougase@gmail.com,12345678,12345678,,,
,歩夢,家喜,Male,,,,,162478882,,,,conductor,,,,,,,,ieki@gmail.com,12345678,12345678,,,
,辰哉,関,Male,,,,,145883070,,,,Developer,,,,,,,,seki@gmail.com,12345678,12345678,,,
,海翔,横川,Male,,,,,108513370,,,,conductor,,,,,,,,yokokawa@gmail.com,12345678,12345678,,,
,久徴,鹿居,Male,,,,,145512358,,,,nurse,,,,,,,,kaoru@gmail.com,12345678,12345678,,,
,吉兵衛,菱木,Male,,,,,171035607,,,,Developer,,,,,,,,hishiki@gmail.com,12345678,12345678,,,
